-0.75888,-0.47008,0.054896,0,0,-0.8,0.054333,0.00535,1.606,-1.2338,1.6582,1.7136
-0.75816,-0.46663,0.051628,0,0,-0.8,0.054333,0.00535,1.706,-1.1338,1.7582,1.8136
-0.75745,-0.46318,0.048361,0,0,-0.8,0.054333,0.00535,1.806,-1.0338,1.8582,1.9136
-0.75674,-0.45973,0.045098,0,0,-0.8,0.054333,0.00535,1.906,-0.9338,1.9582,2.0136
-0.75603,-0.45628,0.041837,0,0,-0.8,0.054333,0.00535,2.006,-0.8338,2.0582,2.1136
-0.75531,-0.45282,0.038578,0,0,-0.8,0.054333,0.00535,2.106,-0.7338,2.1582,2.2136
-0.7546,-0.44936,0.035322,0,0,-0.8,0.054333,0.00535,2.206,-0.6338,2.2582,2.3136
-0.75389,-0.4459,0.032068,0,0,-0.8,0.054333,0.00535,2.306,-0.5338,2.3582,2.4136
-0.75318,-0.44244,0.028817,0,0,-0.8,0.054333,0.00535,2.406,-0.4338,2.4582,2.5136
-0.75246,-0.43897,0.025568,0,0,-0.8,0.054333,0.00535,2.506,-0.3338,2.5582,2.6136
-0.75175,-0.4355,0.022322,0,0,-0.8,0.054333,0.00535,2.606,-0.2338,2.6582,2.7136
-0.75104,-0.43203,0.019078,0,0,-0.8,0.054333,0.00535,2.706,-0.1338,2.7582,2.8136
-0.75033,-0.42856,0.015836,0,0,-0.8,0.054333,0.00535,2.806,-0.0338,2.8582,2.9136
-0.74961,-0.42509,0.012597,0,0,-0.8,0.054333,0.00535,2.906,0.0662,2.9582,3.0136
-0.7489,-0.42161,0.009361,0,0,-0.8,0.054333,0.00535,3.006,0.1662,3.0582,3.1136
-0.74819,-0.41813,0.0061271,0,0,-0.8,0.054333,0.00535,3.106,0.2662,3.1582,3.2136
-0.74748,-0.41465,0.0028956,0,0,-0.8,0.054333,0.00535,3.206,0.3662,3.2582,3.3136
-0.74676,-0.41117,-0.00033342,0,0,-0.8,0.054333,0.00535,3.306,0.4662,3.3582,3.4136
-0.74605,-0.40768,-0.0035599,0,0,-0.8,0.054333,0.00535,3.406,0.5662,3.4582,3.5136
-0.74534,-0.40419,-0.006784,0,0,-0.8,0.054333,0.00535,3.506,0.6662,3.5582,3.6136
-0.74463,-0.4007,-0.010006,0,0,-0.8,0.054333,0.00535,3.606,0.7662,3.6582,3.7136
-0.74391,-0.39721,-0.013225,0,0,-0.8,0.054333,0.00535,3.706,0.8662,3.7582,3.8136
-0.7432,-0.39371,-0.016441,0,0,-0.8,0.054333,0.00535,3.806,0.9662,3.8582,3.9136
-0.74249,-0.39022,-0.019655,0,0,-0.8,0.054333,0.00535,3.906,1.0662,3.9582,4.0136
-0.74178,-0.38672,-0.022867,0,0,-0.8,0.054333,0.00535,4.006,1.1662,4.0582,4.1136
-0.74106,-0.38322,-0.026076,0,0,-0.8,0.054333,0.00535,4.106,1.2662,4.1582,4.2136
-0.74035,-0.37971,-0.029283,0,0,-0.8,0.054333,0.00535,4.206,1.3662,4.2582,4.3136
-0.73964,-0.3762,-0.032487,0,0,-0.8,0.054333,0.00535,4.306,1.4662,4.3582,4.4136
-0.73893,-0.3727,-0.035688,0,0,-0.8,0.054333,0.00535,4.406,1.5662,4.4582,4.5136
-0.73821,-0.36918,-0.038887,0,0,-0.8,0.054333,0.00535,4.506,1.6662,4.5582,4.6136
-0.7375,-0.36567,-0.042084,0,0,-0.8,0.054333,0.00535,4.606,1.7662,4.6582,4.7136
-0.73679,-0.36216,-0.045278,0,0,-0.8,0.054333,0.00535,4.706,1.8662,4.7582,4.8136
-0.73608,-0.35864,-0.04847,0,0,-0.8,0.054333,0.00535,4.806,1.9662,4.8582,4.9136
-0.73536,-0.35512,-0.051659,0,0,-0.8,0.054333,0.00535,4.906,2.0662,4.9582,5.0136
-0.73465,-0.35159,-0.054845,0,0,-0.8,0.054333,0.00535,5.006,2.1662,5.0582,5.1136
-0.73394,-0.34807,-0.058029,0,0,-0.8,0.054333,0.00535,5.106,2.2662,5.1582,5.2136
-0.73323,-0.34454,-0.061211,0,0,-0.8,0.054333,0.00535,5.206,2.3662,5.2582,5.3136
-0.73251,-0.34101,-0.06439,0,0,-0.8,0.054333,0.00535,5.306,2.4662,5.3582,5.4136
-0.7318,-0.33748,-0.067566,0,0,-0.8,0.054333,0.00535,5.406,2.5662,5.4582,5.5136
-0.73109,-0.33395,-0.07074,0,0,-0.8,0.054333,0.00535,5.506,2.6662,5.5582,5.6136
-0.73038,-0.33041,-0.073912,0,0,-0.8,0.054333,0.00535,5.606,2.7662,5.6582,5.7136
-0.72966,-0.32687,-0.077081,0,0,-0.8,0.054333,0.00535,5.706,2.8662,5.7582,5.8136
-0.72895,-0.32333,-0.080247,0,0,-0.8,0.054333,0.00535,5.806,2.9662,5.8582,5.9136
-0.72824,-0.31979,-0.083411,0,0,-0.8,0.054333,0.00535,5.906,3.0662,5.9582,6.0136
-0.72753,-0.31624,-0.086573,0,0,-0.8,0.054333,0.00535,6.006,3.1662,6.0582,6.1136
-0.72681,-0.3127,-0.089732,0,0,-0.8,0.054333,0.00535,6.106,3.2662,6.1582,6.2136
-0.7261,-0.30915,-0.092888,0,0,-0.8,0.054333,0.00535,6.206,3.3662,6.2582,6.3136
-0.72539,-0.3056,-0.096042,0,0,-0.8,0.054333,0.00535,6.306,3.4662,6.3582,6.4136
-0.72468,-0.30204,-0.099193,0,0,-0.8,0.054333,0.00535,6.406,3.5662,6.4582,6.5136
-0.72396,-0.29849,-0.10234,0,0,-0.8,0.054333,0.00535,6.506,3.6662,6.5582,6.6136
-0.72325,-0.29493,-0.10549,0,0,-0.8,0.054333,0.00535,6.606,3.7662,6.6582,6.7136
-0.72254,-0.29137,-0.10863,0,0,-0.8,0.054333,0.00535,6.706,3.8662,6.7582,6.8136
-0.72183,-0.2878,-0.11177,0,0,-0.8,0.054333,0.00535,6.806,3.9662,6.8582,6.9136
-0.72111,-0.28424,-0.11491,0,0,-0.8,0.054333,0.00535,6.906,4.0662,6.9582,7.0136
-0.7204,-0.28067,-0.11805,0,0,-0.8,0.054333,0.00535,7.006,4.1662,7.0582,7.1136
-0.71969,-0.2771,-0.12118,0,0,-0.8,0.054333,0.00535,7.106,4.2662,7.1582,7.2136
-0.71898,-0.27353,-0.12431,0,0,-0.8,0.054333,0.00535,7.206,4.3662,7.2582,7.3136
-0.71826,-0.26995,-0.12744,0,0,-0.8,0.054333,0.00535,7.306,4.4662,7.3582,7.4136
-0.71755,-0.26638,-0.13057,0,0,-0.8,0.054333,0.00535,7.406,4.5662,7.4582,7.5136
-0.71684,-0.2628,-0.13369,0,0,-0.8,0.054333,0.00535,7.506,4.6662,7.5582,7.6136
-0.71613,-0.25922,-0.13681,0,0,-0.8,0.054333,0.00535,7.606,4.7662,7.6582,7.7136
-0.71541,-0.25563,-0.13993,0,0,-0.8,0.054333,0.00535,7.706,4.8662,7.7582,7.8136
-0.7147,-0.25205,-0.14304,0,0,-0.8,0.054333,0.00535,7.806,4.9662,7.8582,7.9136
-0.71399,-0.24846,-0.14616,0,0,-0.8,0.054333,0.00535,7.906,5.0662,7.9582,8.0136
-0.71328,-0.24487,-0.14927,0,0,-0.8,0.054333,0.00535,8.006,5.1662,8.0582,8.1136
-0.71256,-0.24128,-0.15238,0,0,-0.8,0.054333,0.00535,8.106,5.2662,8.1582,8.2136
-0.71185,-0.23768,-0.15548,0,0,-0.8,0.054333,0.00535,8.206,5.3662,8.2582,8.3136
-0.71114,-0.23409,-0.15858,0,0,-0.8,0.054333,0.00535,8.306,5.4662,8.3582,8.4136
-0.71043,-0.23049,-0.16168,0,0,-0.8,0.054333,0.00535,8.406,5.5662,8.4582,8.5136
-0.70971,-0.22689,-0.16478,0,0,-0.8,0.054333,0.00535,8.506,5.6662,8.5582,8.6136
-0.709,-0.22329,-0.16788,0,0,-0.8,0.054333,0.00535,8.606,5.7662,8.6582,8.7136
-0.70829,-0.21968,-0.17097,0,0,-0.8,0.054333,0.00535,8.706,5.8662,8.7582,8.8136
-0.70758,-0.21607,-0.17406,0,0,-0.8,0.054333,0.00535,8.806,5.9662,8.8582,8.9136
-0.70686,-0.21246,-0.17715,0,0,-0.8,0.054333,0.00535,8.906,6.0662,8.9582,9.0136
-0.70615,-0.20885,-0.18023,0,0,-0.8,0.054333,0.00535,9.006,6.1662,9.0582,9.1136
-0.70544,-0.20524,-0.18331,0,0,-0.8,0.054333,0.00535,9.106,6.2662,9.1582,9.2136
-0.70473,-0.20162,-0.18639,0,0,-0.8,0.054333,0.00535,9.206,6.3662,9.2582,9.3136
-0.70401,-0.198,-0.18947,0,0,-0.8,0.054333,0.00535,9.306,6.4662,9.3582,9.4136
-0.7033,-0.19438,-0.19255,0,0,-0.8,0.054333,0.00535,9.406,6.5662,9.4582,9.5136
-0.70259,-0.19076,-0.19562,0,0,-0.8,0.054333,0.00535,9.506,6.6662,9.5582,9.6136
-0.70188,-0.18713,-0.19869,0,0,-0.8,0.054333,0.00535,9.606,6.7662,9.6582,9.7136
-0.70116,-0.18351,-0.20175,0,0,-0.8,0.054333,0.00535,9.706,6.8662,9.7582,9.8136
-0.70045,-0.17988,-0.20482,0,0,-0.8,0.054333,0.00535,9.806,6.9662,9.8582,9.9136
-0.69974,-0.17625,-0.20788,0,0,-0.8,0.054333,0.00535,9.906,7.0662,9.9582,10.014
-0.69903,-0.17261,-0.21094,0,0,-0.8,0.054333,0.00535,10.006,7.1662,10.058,10.114
-0.69831,-0.16898,-0.214,0,0,-0.8,0.054333,0.00535,10.106,7.2662,10.158,10.214
-0.6976,-0.16534,-0.21705,0,0,-0.8,0.054333,0.00535,10.206,7.3662,10.258,10.314
-0.69689,-0.1617,-0.2201,0,0,-0.8,0.054333,0.00535,10.306,7.4662,10.358,10.414
-0.69618,-0.15805,-0.22315,0,0,-0.8,0.054333,0.00535,10.406,7.5662,10.458,10.514
-0.69546,-0.15441,-0.2262,0,0,-0.8,0.054333,0.00535,10.506,7.6662,10.558,10.614
-0.69475,-0.15076,-0.22924,0,0,-0.8,0.054333,0.00535,10.606,7.7662,10.658,10.714
-0.69404,-0.14711,-0.23228,0,0,-0.8,0.054333,0.00535,10.706,7.8662,10.758,10.814
-0.69333,-0.14346,-0.23532,0,0,-0.8,0.054333,0.00535,10.806,7.9662,10.858,10.914
-0.69261,-0.13981,-0.23835,0,0,-0.8,0.054333,0.00535,10.906,8.0662,10.958,11.014
-0.6919,-0.13615,-0.24139,0,0,-0.8,0.054333,0.00535,11.006,8.1662,11.058,11.114
-0.69119,-0.1325,-0.24442,0,0,-0.8,0.054333,0.00535,11.106,8.2662,11.158,11.214
-0.69048,-0.12884,-0.24745,0,0,-0.8,0.054333,0.00535,11.206,8.3662,11.258,11.314
-0.68976,-0.12517,-0.25047,0,0,-0.8,0.054333,0.00535,11.306,8.4662,11.358,11.414
-0.68905,-0.12151,-0.25349,0,0,-0.8,0.054333,0.00535,11.406,8.5662,11.458,11.514
-0.68834,-0.11784,-0.25651,0,0,-0.8,0.054333,0.00535,11.506,8.6662,11.558,11.614
-0.68763,-0.11418,-0.25953,0,0,-0.8,0.054333,0.00535,11.606,8.7662,11.658,11.714
-0.68691,-0.11051,-0.26255,0,0,-0.8,0.054333,0.00535,11.706,8.8662,11.758,11.814
-0.6862,-0.10683,-0.26556,0,0,-0.8,0.054333,0.00535,11.806,8.9662,11.858,11.914
-0.68549,-0.10316,-0.26857,0,0,-0.8,0.054333,0.00535,11.906,9.0662,11.958,12.014
-0.68478,-0.099481,-0.27158,0,0,-0.8,0.054333,0.00535,12.006,9.1662,12.058,12.114
-0.68406,-0.095802,-0.27458,0,0,-0.8,0.054333,0.00535,12.106,9.2662,12.158,12.214
-0.68335,-0.09212,-0.27758,0,0,-0.8,0.054333,0.00535,12.206,9.3662,12.258,12.314
-0.68264,-0.088437,-0.28058,0,0,-0.8,0.054333,0.00535,12.306,9.4662,12.358,12.414
-0.68193,-0.084751,-0.28358,0,0,-0.8,0.054333,0.00535,12.406,9.5662,12.458,12.514
-0.68121,-0.081063,-0.28657,0,0,-0.8,0.054333,0.00535,12.506,9.6662,12.558,12.614
-0.6805,-0.077374,-0.28956,0,0,-0.8,0.054333,0.00535,12.606,9.7662,12.658,12.714
-0.67979,-0.073682,-0.29255,0,0,-0.8,0.054333,0.00535,12.706,9.8662,12.758,12.814
-0.67908,-0.069988,-0.29554,0,0,-0.8,0.054333,0.00535,12.806,9.9662,12.858,12.914
-0.67836,-0.066291,-0.29852,0,0,-0.8,0.054333,0.00535,12.906,10.066,12.958,13.014
-0.67765,-0.062593,-0.3015,0,0,-0.8,0.054333,0.00535,13.006,10.166,13.058,13.114
-0.67694,-0.058893,-0.30448,0,0,-0.8,0.054333,0.00535,13.106,10.266,13.158,13.214
-0.67623,-0.05519,-0.30745,0,0,-0.8,0.054333,0.00535,13.206,10.366,13.258,13.314
-0.67551,-0.051485,-0.31043,0,0,-0.8,0.054333,0.00535,13.306,10.466,13.358,13.414
-0.6748,-0.047778,-0.3134,0,0,-0.8,0.054333,0.00535,13.406,10.566,13.458,13.514
-0.67409,-0.044069,-0.31637,0,0,-0.8,0.054333,0.00535,13.506,10.666,13.558,13.614
-0.67338,-0.040358,-0.31933,0,0,-0.8,0.054333,0.00535,13.606,10.766,13.658,13.714
-0.67266,-0.036645,-0.32229,0,0,-0.8,0.054333,0.00535,13.706,10.866,13.758,13.814
-0.67195,-0.03293,-0.32525,0,0,-0.8,0.054333,0.00535,13.806,10.966,13.858,13.914
-0.67124,-0.029213,-0.32821,0,0,-0.8,0.054333,0.00535,13.906,11.066,13.958,14.014
-0.67053,-0.025493,-0.33116,0,0,-0.8,0.054333,0.00535,14.006,11.166,14.058,14.114
-0.66981,-0.021771,-0.33411,0,0,-0.8,0.054333,0.00535,14.106,11.266,14.158,14.214
-0.6691,-0.018048,-0.33706,0,0,-0.8,0.054333,0.00535,14.206,11.366,14.258,14.314
-0.66839,-0.014322,-0.34001,0,0,-0.8,0.054333,0.00535,14.306,11.466,14.358,14.414
-0.66768,-0.010594,-0.34295,0,0,-0.8,0.054333,0.00535,14.406,11.566,14.458,14.514
-0.66696,-0.0068641,-0.34589,0,0,-0.8,0.054333,0.00535,14.506,11.666,14.558,14.614
-0.66625,-0.003132,-0.34883,0,0,-0.8,0.054333,0.00535,14.606,11.766,14.658,14.714
-0.66554,0.00060218,-0.35177,0,0,-0.8,0.054333,0.00535,14.706,11.866,14.758,14.814
-0.66483,0.0043384,-0.3547,0,0,-0.8,0.054333,0.00535,14.806,11.966,14.858,14.914
-0.66411,0.0080768,-0.35763,0,0,-0.8,0.054333,0.00535,14.906,12.066,14.958,15.014
-0.6634,0.011817,-0.36056,0,0,-0.8,0.054333,0.00535,15.006,12.166,15.058,15.114
-0.66269,0.01556,-0.36349,0,0,-0.8,0.054333,0.00535,15.106,12.266,15.158,15.214
-0.66198,0.019304,-0.36641,0,0,-0.8,0.054333,0.00535,15.206,12.366,15.258,15.314
-0.66126,0.023051,-0.36933,0,0,-0.8,0.054333,0.00535,15.306,12.466,15.358,15.414
-0.66055,0.0268,-0.37224,0,0,-0.8,0.054333,0.00535,15.406,12.566,15.458,15.514
-0.65984,0.030551,-0.37516,0,0,-0.8,0.054333,0.00535,15.506,12.666,15.558,15.614
-0.65913,0.034304,-0.37807,0,0,-0.8,0.054333,0.00535,15.606,12.766,15.658,15.714
-0.65841,0.038059,-0.38098,0,0,-0.8,0.054333,0.00535,15.706,12.866,15.758,15.814
-0.6577,0.041816,-0.38389,0,0,-0.8,0.054333,0.00535,15.806,12.966,15.858,15.914
-0.65699,0.045575,-0.38679,0,0,-0.8,0.054333,0.00535,15.906,13.066,15.958,16.014
-0.65628,0.049336,-0.38969,0,0,-0.8,0.054333,0.00535,16.006,13.166,16.058,16.114
-0.65556,0.053099,-0.39259,0,0,-0.8,0.054333,0.00535,16.106,13.266,16.158,16.214
-0.65485,0.056865,-0.39548,0,0,-0.8,0.054333,0.00535,16.206,13.366,16.258,16.314
-0.65414,0.060632,-0.39838,0,0,-0.8,0.054333,0.00535,16.306,13.466,16.358,16.414
-0.65343,0.064402,-0.40127,0,0,-0.8,0.054333,0.00535,16.406,13.566,16.458,16.514
-0.65271,0.068173,-0.40416,0,0,-0.8,0.054333,0.00535,16.506,13.666,16.558,16.614
-0.652,0.071947,-0.40704,0,0,-0.8,0.054333,0.00535,16.606,13.766,16.658,16.714
-0.65129,0.075722,-0.40992,0,0,-0.8,0.054333,0.00535,16.706,13.866,16.758,16.814
-0.65058,0.0795,-0.4128,0,0,-0.8,0.054333,0.00535,16.806,13.966,16.858,16.914
-0.64986,0.08328,-0.41568,0,0,-0.8,0.054333,0.00535,16.906,14.066,16.958,17.014
-0.64915,0.087062,-0.41855,0,0,-0.8,0.054333,0.00535,17.006,14.166,17.058,17.114
-0.64844,0.090845,-0.42142,0,0,-0.8,0.054333,0.00535,17.106,14.266,17.158,17.214
-0.64773,0.094631,-0.42429,0,0,-0.8,0.054333,0.00535,17.206,14.366,17.258,17.314
-0.64701,0.098419,-0.42716,0,0,-0.8,0.054333,0.00535,17.306,14.466,17.358,17.414
-0.6463,0.10221,-0.43002,0,0,-0.8,0.054333,0.00535,17.406,14.566,17.458,17.514
-0.64559,0.106,-0.43288,0,0,-0.8,0.054333,0.00535,17.506,14.666,17.558,17.614
-0.64488,0.1098,-0.43574,0,0,-0.8,0.054333,0.00535,17.606,14.766,17.658,17.714
-0.64416,0.11359,-0.4386,0,0,-0.8,0.054333,0.00535,17.706,14.866,17.758,17.814
-0.64345,0.11739,-0.44145,0,0,-0.8,0.054333,0.00535,17.806,14.966,17.858,17.914
-0.64274,0.12119,-0.4443,0,0,-0.8,0.054333,0.00535,17.906,15.066,17.958,18.014
-0.64203,0.12499,-0.44715,0,0,-0.8,0.054333,0.00535,18.006,15.166,18.058,18.114
-0.64131,0.1288,-0.44999,0,0,-0.8,0.054333,0.00535,18.106,15.266,18.158,18.214
-0.6406,0.1326,-0.45283,0,0,-0.8,0.054333,0.00535,18.206,15.366,18.258,18.314
-0.63989,0.13641,-0.45567,0,0,-0.8,0.054333,0.00535,18.306,15.466,18.358,18.414
-0.63918,0.14022,-0.45851,0,0,-0.8,0.054333,0.00535,18.406,15.566,18.458,18.514
-0.63846,0.14403,-0.46134,0,0,-0.8,0.054333,0.00535,18.506,15.666,18.558,18.614
-0.63775,0.14785,-0.46417,0,0,-0.8,0.054333,0.00535,18.606,15.766,18.658,18.714
-0.63704,0.15166,-0.467,0,0,-0.8,0.054333,0.00535,18.706,15.866,18.758,18.814
-0.63633,0.15548,-0.46982,0,0,-0.8,0.054333,0.00535,18.806,15.966,18.858,18.914
-0.63561,0.1593,-0.47265,0,0,-0.8,0.054333,0.00535,18.906,16.066,18.958,19.014
-0.6349,0.16312,-0.47547,0,0,-0.8,0.054333,0.00535,19.006,16.166,19.058,19.114
-0.63419,0.16695,-0.47828,0,0,-0.8,0.054333,0.00535,19.106,16.266,19.158,19.214
-0.63348,0.17078,-0.4811,0,0,-0.8,0.054333,0.00535,19.206,16.366,19.258,19.314
-0.63276,0.1746,-0.48391,0,0,-0.8,0.054333,0.00535,19.306,16.466,19.358,19.414
-0.63205,0.17843,-0.48672,0,0,-0.8,0.054333,0.00535,19.406,16.566,19.458,19.514
-0.63134,0.18227,-0.48953,0,0,-0.8,0.054333,0.00535,19.506,16.666,19.558,19.614
-0.63063,0.1861,-0.49233,0,0,-0.8,0.054333,0.00535,19.606,16.766,19.658,19.714
-0.62991,0.18994,-0.49513,0,0,-0.8,0.054333,0.00535,19.706,16.866,19.758,19.814
-0.6292,0.19378,-0.49793,0,0,-0.8,0.054333,0.00535,19.806,16.966,19.858,19.914
-0.62849,0.19762,-0.50072,0,0,-0.8,0.054333,0.00535,19.906,17.066,19.958,20.014
-0.62778,0.20146,-0.50352,0,0,-0.8,0.054333,0.00535,20.006,17.166,20.058,20.114
-0.62706,0.2053,-0.50631,0,0,-0.8,0.054333,0.00535,20.106,17.266,20.158,20.214
-0.62635,0.20915,-0.50909,0,0,-0.8,0.054333,0.00535,20.206,17.366,20.258,20.314
-0.62564,0.213,-0.51188,0,0,-0.8,0.054333,0.00535,20.306,17.466,20.358,20.414
-0.62493,0.21685,-0.51466,0,0,-0.8,0.054333,0.00535,20.406,17.566,20.458,20.514
-0.62421,0.2207,-0.51744,0,0,-0.8,0.054333,0.00535,20.506,17.666,20.558,20.614
-0.6235,0.22455,-0.52021,0,0,-0.8,0.054333,0.00535,20.606,17.766,20.658,20.714
-0.62279,0.22841,-0.52299,0,0,-0.8,0.054333,0.00535,20.706,17.866,20.758,20.814
-0.62208,0.23227,-0.52576,0,0,-0.8,0.054333,0.00535,20.806,17.966,20.858,20.914
-0.62136,0.23613,-0.52853,0,0,-0.8,0.054333,0.00535,20.906,18.066,20.958,21.014
-0.62065,0.23999,-0.53129,0,0,-0.8,0.054333,0.00535,21.006,18.166,21.058,21.114
-0.61994,0.24385,-0.53405,0,0,-0.8,0.054333,0.00535,21.106,18.266,21.158,21.214
-0.61923,0.24772,-0.53681,0,0,-0.8,0.054333,0.00535,21.206,18.366,21.258,21.314
-0.61851,0.25159,-0.53957,0,0,-0.8,0.054333,0.00535,21.306,18.466,21.358,21.414
-0.6178,0.25546,-0.54233,0,0,-0.8,0.054333,0.00535,21.406,18.566,21.458,21.514
-0.61709,0.25933,-0.54508,0,0,-0.8,0.054333,0.00535,21.506,18.666,21.558,21.614
-0.61638,0.26321,-0.54783,0,0,-0.8,0.054333,0.00535,21.606,18.766,21.658,21.714
-0.61566,0.26708,-0.55057,0,0,-0.8,0.054333,0.00535,21.706,18.866,21.758,21.814
-0.61495,0.27096,-0.55331,0,0,-0.8,0.054333,0.00535,21.806,18.966,21.858,21.914
-0.61424,0.27484,-0.55605,0,0,-0.8,0.054333,0.00535,21.906,19.066,21.958,22.014
-0.61353,0.27872,-0.55879,0,0,-0.8,0.054333,0.00535,22.006,19.166,22.058,22.114
-0.61281,0.2826,-0.56153,0,0,-0.8,0.054333,0.00535,22.106,19.266,22.158,22.214
-0.6121,0.28649,-0.56426,0,0,-0.8,0.054333,0.00535,22.206,19.366,22.258,22.314
-0.61139,0.29038,-0.56699,0,0,-0.8,0.054333,0.00535,22.306,19.466,22.358,22.414
-0.61068,0.29427,-0.56972,0,0,-0.8,0.054333,0.00535,22.406,19.566,22.458,22.514
-0.60996,0.29816,-0.57244,0,0,-0.8,0.054333,0.00535,22.506,19.666,22.558,22.614
-0.60925,0.30205,-0.57516,0,0,-0.8,0.054333,0.00535,22.606,19.766,22.658,22.714
-0.60854,0.30595,-0.57788,0,0,-0.8,0.054333,0.00535,22.706,19.866,22.758,22.814
-0.60783,0.30984,-0.58059,0,0,-0.8,0.054333,0.00535,22.806,19.966,22.858,22.914
-0.60711,0.31374,-0.58331,0,0,-0.8,0.054333,0.00535,22.906,20.066,22.958,23.014
-0.6064,0.31764,-0.58602,0,0,-0.8,0.054333,0.00535,23.006,20.166,23.058,23.114
-0.60569,0.32155,-0.58872,0,0,-0.8,0.054333,0.00535,23.106,20.266,23.158,23.214
-0.60498,0.32545,-0.59143,0,0,-0.8,0.054333,0.00535,23.206,20.366,23.258,23.314
-0.60426,0.32936,-0.59413,0,0,-0.8,0.054333,0.00535,23.306,20.466,23.358,23.414
-0.60355,0.33327,-0.59683,0,0,-0.8,0.054333,0.00535,23.406,20.566,23.458,23.514
-0.60284,0.33718,-0.59952,0,0,-0.8,0.054333,0.00535,23.506,20.666,23.558,23.614
-0.60213,0.34109,-0.60222,0,0,-0.8,0.054333,0.00535,23.606,20.766,23.658,23.714
-0.60141,0.34501,-0.60491,0,0,-0.8,0.054333,0.00535,23.706,20.866,23.758,23.814
-0.6007,0.34892,-0.6076,0,0,-0.8,0.054333,0.00535,23.806,20.966,23.858,23.914
-0.59999,0.35284,-0.61028,0,0,-0.8,0.054333,0.00535,23.906,21.066,23.958,24.014
-0.59928,0.35676,-0.61296,0,0,-0.8,0.054333,0.00535,24.006,21.166,24.058,24.114
-0.59856,0.36068,-0.61564,0,0,-0.8,0.054333,0.00535,24.106,21.266,24.158,24.214
-0.59785,0.36461,-0.61832,0,0,-0.8,0.054333,0.00535,24.206,21.366,24.258,24.314
-0.59714,0.36853,-0.62099,0,0,-0.8,0.054333,0.00535,24.306,21.466,24.358,24.414
-0.59643,0.37246,-0.62366,0,0,-0.8,0.054333,0.00535,24.406,21.566,24.458,24.514
-0.59571,0.37639,-0.62633,0,0,-0.8,0.054333,0.00535,24.506,21.666,24.558,24.614
-0.595,0.38032,-0.629,0,0,-0.8,0.054333,0.00535,24.606,21.766,24.658,24.714
-0.59429,0.38426,-0.63166,0,0,-0.8,0.054333,0.00535,24.706,21.866,24.758,24.814
-0.59358,0.38819,-0.63432,0,0,-0.8,0.054333,0.00535,24.806,21.966,24.858,24.914
-0.59286,0.39213,-0.63697,0,0,-0.8,0.054333,0.00535,24.906,22.066,24.958,25.014
-0.59215,0.39607,-0.63963,0,0,-0.8,0.054333,0.00535,25.006,22.166,25.058,25.114
-0.59144,0.40001,-0.64228,0,0,-0.8,0.054333,0.00535,25.106,22.266,25.158,25.214
-0.59073,0.40396,-0.64493,0,0,-0.8,0.054333,0.00535,25.206,22.366,25.258,25.314
-0.59001,0.4079,-0.64757,0,0,-0.8,0.054333,0.00535,25.306,22.466,25.358,25.414
-0.5893,0.41185,-0.65022,0,0,-0.8,0.054333,0.00535,25.406,22.566,25.458,25.514
-0.58859,0.4158,-0.65286,0,0,-0.8,0.054333,0.00535,25.506,22.666,25.558,25.614
-0.58788,0.41975,-0.65549,0,0,-0.8,0.054333,0.00535,25.606,22.766,25.658,25.714
-0.58716,0.4237,-0.65813,0,0,-0.8,0.054333,0.00535,25.706,22.866,25.758,25.814
-0.58645,0.42765,-0.66076,0,0,-0.8,0.054333,0.00535,25.806,22.966,25.858,25.914
-0.58574,0.43161,-0.66339,0,0,-0.8,0.054333,0.00535,25.906,23.066,25.958,26.014
-0.58503,0.43557,-0.66601,0,0,-0.8,0.054333,0.00535,26.006,23.166,26.058,26.114
-0.58431,0.43953,-0.66864,0,0,-0.8,0.054333,0.00535,26.106,23.266,26.158,26.214
-0.5836,0.44349,-0.67126,0,0,-0.8,0.054333,0.00535,26.206,23.366,26.258,26.314
-0.58289,0.44745,-0.67387,0,0,-0.8,0.054333,0.00535,26.306,23.466,26.358,26.414
-0.58218,0.45142,-0.67649,0,0,-0.8,0.054333,0.00535,26.406,23.566,26.458,26.514
-0.58146,0.45539,-0.6791,0,0,-0.8,0.054333,0.00535,26.506,23.666,26.558,26.614
-0.58075,0.45936,-0.68171,0,0,-0.8,0.054333,0.00535,26.606,23.766,26.658,26.714
-0.58004,0.46333,-0.68432,0,0,-0.8,0.054333,0.00535,26.706,23.866,26.758,26.814
-0.57933,0.4673,-0.68692,0,0,-0.8,0.054333,0.00535,26.806,23.966,26.858,26.914
-0.57861,0.47128,-0.68952,0,0,-0.8,0.054333,0.00535,26.906,24.066,26.958,27.014
-0.5779,0.47525,-0.69212,0,0,-0.8,0.054333,0.00535,27.006,24.166,27.058,27.114
-0.57719,0.47923,-0.69471,0,0,-0.8,0.054333,0.00535,27.106,24.266,27.158,27.214
-0.57648,0.48321,-0.6973,0,0,-0.8,0.054333,0.00535,27.206,24.366,27.258,27.314
-0.57576,0.48719,-0.69989,0,0,-0.8,0.054333,0.00535,27.306,24.466,27.358,27.414
-0.57505,0.49118,-0.70248,0,0,-0.8,0.054333,0.00535,27.406,24.566,27.458,27.514
-0.57434,0.49516,-0.70506,0,0,-0.8,0.054333,0.00535,27.506,24.666,27.558,27.614
-0.57363,0.49915,-0.70764,0,0,-0.8,0.054333,0.00535,27.606,24.766,27.658,27.714
-0.57291,0.50314,-0.71022,0,0,-0.8,0.054333,0.00535,27.706,24.866,27.758,27.814
-0.5722,0.50713,-0.7128,0,0,-0.8,0.054333,0.00535,27.806,24.966,27.858,27.914
-0.57149,0.51113,-0.71537,0,0,-0.8,0.054333,0.00535,27.906,25.066,27.958,28.014
-0.57078,0.51512,-0.71794,0,0,-0.8,0.054333,0.00535,28.006,25.166,28.058,28.114
-0.57006,0.51912,-0.7205,0,0,-0.8,0.054333,0.00535,28.106,25.266,28.158,28.214
-0.56935,0.52312,-0.72307,0,0,-0.8,0.054333,0.00535,28.206,25.366,28.258,28.314
-0.56864,0.52712,-0.72563,0,0,-0.8,0.054333,0.00535,28.306,25.466,28.358,28.414
-0.56793,0.53112,-0.72819,0,0,-0.8,0.054333,0.00535,28.406,25.566,28.458,28.514
-0.56721,0.53513,-0.73074,0,0,-0.8,0.054333,0.00535,28.506,25.666,28.558,28.614
-0.5665,0.53913,-0.73329,0,0,-0.8,0.054333,0.00535,28.606,25.766,28.658,28.714
-0.56579,0.54314,-0.73584,0,0,-0.8,0.054333,0.00535,28.706,25.866,28.758,28.814
-0.56508,0.54715,-0.73839,0,0,-0.8,0.054333,0.00535,28.806,25.966,28.858,28.914
-0.56436,0.55116,-0.74093,0,0,-0.8,0.054333,0.00535,28.906,26.066,28.958,29.014
-0.56365,0.55517,-0.74347,0,0,-0.8,0.054333,0.00535,29.006,26.166,29.058,29.114
-0.56294,0.55919,-0.74601,0,0,-0.8,0.054333,0.00535,29.106,26.266,29.158,29.214
-0.56223,0.56321,-0.74854,0,0,-0.8,0.054333,0.00535,29.206,26.366,29.258,29.314
-0.56151,0.56723,-0.75108,0,0,-0.8,0.054333,0.00535,29.306,26.466,29.358,29.414
-0.5608,0.57125,-0.75361,0,0,-0.8,0.054333,0.00535,29.406,26.566,29.458,29.514
-0.56009,0.57527,-0.75613,0,0,-0.8,0.054333,0.00535,29.506,26.666,29.558,29.614
-0.55938,0.57929,-0.75866,0,0,-0.8,0.054333,0.00535,29.606,26.766,29.658,29.714
-0.55866,0.58332,-0.76118,0,0,-0.8,0.054333,0.00535,29.706,26.866,29.758,29.814
-0.55795,0.58735,-0.76369,0,0,-0.8,0.054333,0.00535,29.806,26.966,29.858,29.914
-0.55724,0.59138,-0.76621,0,0,-0.8,0.054333,0.00535,29.906,27.066,29.958,30.014
-0.55653,0.59541,-0.76872,0,0,-0.8,0.054333,0.00535,30.006,27.166,30.058,30.114
-0.55581,0.59944,-0.77123,0,0,-0.8,0.054333,0.00535,30.106,27.266,30.158,30.214
-0.5551,0.60348,-0.77374,0,0,-0.8,0.054333,0.00535,30.206,27.366,30.258,30.314
-0.55439,0.60751,-0.77624,0,0,-0.8,0.054333,0.00535,30.306,27.466,30.358,30.414
-0.55368,0.61155,-0.77874,0,0,-0.8,0.054333,0.00535,30.406,27.566,30.458,30.514
-0.55296,0.61559,-0.78124,0,0,-0.8,0.054333,0.00535,30.506,27.666,30.558,30.614
-0.55225,0.61963,-0.78373,0,0,-0.8,0.054333,0.00535,30.606,27.766,30.658,30.714
-0.55154,0.62368,-0.78623,0,0,-0.8,0.054333,0.00535,30.706,27.866,30.758,30.814
-0.55083,0.62772,-0.78871,0,0,-0.8,0.054333,0.00535,30.806,27.966,30.858,30.914
-0.55011,0.63177,-0.7912,0,0,-0.8,0.054333,0.00535,30.906,28.066,30.958,31.014
-0.5494,0.63582,-0.79368,0,0,-0.8,0.054333,0.00535,31.006,28.166,31.058,31.114
-0.54869,0.63987,-0.79616,0,0,-0.8,0.054333,0.00535,31.106,28.266,31.158,31.214
-0.54798,0.64392,-0.79864,0,0,-0.8,0.054333,0.00535,31.206,28.366,31.258,31.314
-0.54726,0.64798,-0.80112,0,0,-0.8,0.054333,0.00535,31.306,28.466,31.358,31.414
-0.54655,0.65203,-0.80359,0,0,-0.8,0.054333,0.00535,31.406,28.566,31.458,31.514
-0.54584,0.65609,-0.80606,0,0,-0.8,0.054333,0.00535,31.506,28.666,31.558,31.614
-0.54513,0.66015,-0.80852,0,0,-0.8,0.054333,0.00535,31.606,28.766,31.658,31.714
-0.54441,0.66421,-0.81099,0,0,-0.8,0.054333,0.00535,31.706,28.866,31.758,31.814
-0.5437,0.66828,-0.81345,0,0,-0.8,0.054333,0.00535,31.806,28.966,31.858,31.914
-0.54299,0.67234,-0.8159,0,0,-0.8,0.054333,0.00535,31.906,29.066,31.958,32.014
-0.54228,0.67641,-0.81836,0,0,-0.8,0.054333,0.00535,32.006,29.166,32.058,32.114
-0.54156,0.68048,-0.82081,0,0,-0.8,0.054333,0.00535,32.106,29.266,32.158,32.214
-0.54085,0.68455,-0.82326,0,0,-0.8,0.054333,0.00535,32.206,29.366,32.258,32.314
-0.54014,0.68862,-0.8257,0,0,-0.8,0.054333,0.00535,32.306,29.466,32.358,32.414
-0.53943,0.69269,-0.82815,0,0,-0.8,0.054333,0.00535,32.406,29.566,32.458,32.514
-0.53871,0.69677,-0.83058,0,0,-0.8,0.054333,0.00535,32.506,29.666,32.558,32.614
-0.538,0.70085,-0.83302,0,0,-0.8,0.054333,0.00535,32.606,29.766,32.658,32.714
-0.53729,0.70493,-0.83546,0,0,-0.8,0.054333,0.00535,32.706,29.866,32.758,32.814
-0.53658,0.70901,-0.83789,0,0,-0.8,0.054333,0.00535,32.806,29.966,32.858,32.914
-0.53586,0.71309,-0.84032,0,0,-0.8,0.054333,0.00535,32.906,30.066,32.958,33.014
-0.53515,0.71717,-0.84274,0,0,-0.8,0.054333,0.00535,33.006,30.166,33.058,33.114
-0.53444,0.72126,-0.84516,0,0,-0.8,0.054333,0.00535,33.106,30.266,33.158,33.214
-0.53373,0.72535,-0.84758,0,0,-0.8,0.054333,0.00535,33.206,30.366,33.258,33.314
-0.53301,0.72944,-0.85,0,0,-0.8,0.054333,0.00535,33.306,30.466,33.358,33.414
-0.5323,0.73353,-0.85241,0,0,-0.8,0.054333,0.00535,33.406,30.566,33.458,33.514
-0.53159,0.73762,-0.85482,0,0,-0.8,0.054333,0.00535,33.506,30.666,33.558,33.614
-0.53088,0.74171,-0.85723,0,0,-0.8,0.054333,0.00535,33.606,30.766,33.658,33.714
-0.53016,0.74581,-0.85964,0,0,-0.8,0.054333,0.00535,33.706,30.866,33.758,33.814
-0.52945,0.74991,-0.86204,0,0,-0.8,0.054333,0.00535,33.806,30.966,33.858,33.914
-0.52874,0.75401,-0.86444,0,0,-0.8,0.054333,0.00535,33.906,31.066,33.958,34.014
-0.52803,0.75811,-0.86683,0,0,-0.8,0.054333,0.00535,34.006,31.166,34.058,34.114
-0.52731,0.76221,-0.86923,0,0,-0.8,0.054333,0.00535,34.106,31.266,34.158,34.214
-0.5266,0.76632,-0.87162,0,0,-0.8,0.054333,0.00535,34.206,31.366,34.258,34.314
-0.52589,0.77042,-0.874,0,0,-0.8,0.054333,0.00535,34.306,31.466,34.358,34.414
-0.52518,0.77453,-0.87639,0,0,-0.8,0.054333,0.00535,34.406,31.566,34.458,34.514
-0.52446,0.77864,-0.87877,0,0,-0.8,0.054333,0.00535,34.506,31.666,34.558,34.614
-0.52375,0.78275,-0.88115,0,0,-0.8,0.054333,0.00535,34.606,31.766,34.658,34.714
-0.52304,0.78687,-0.88352,0,0,-0.8,0.054333,0.00535,34.706,31.866,34.758,34.814
-0.52233,0.79098,-0.8859,0,0,-0.8,0.054333,0.00535,34.806,31.966,34.858,34.914
-0.52161,0.7951,-0.88827,0,0,-0.8,0.054333,0.00535,34.906,32.066,34.958,35.014
-0.5209,0.79922,-0.89063,0,0,-0.8,0.054333,0.00535,35.006,32.166,35.058,35.114
-0.52019,0.80334,-0.893,0,0,-0.8,0.054333,0.00535,35.106,32.266,35.158,35.214
-0.51948,0.80746,-0.89536,0,0,-0.8,0.054333,0.00535,35.206,32.366,35.258,35.314
-0.51876,0.81158,-0.89772,0,0,-0.8,0.054333,0.00535,35.306,32.466,35.358,35.414
-0.51805,0.81571,-0.90007,0,0,-0.8,0.054333,0.00535,35.406,32.566,35.458,35.514
-0.51734,0.81983,-0.90242,0,0,-0.8,0.054333,0.00535,35.506,32.666,35.558,35.614
-0.51663,0.82396,-0.90477,0,0,-0.8,0.054333,0.00535,35.606,32.766,35.658,35.714
-0.51591,0.82809,-0.90712,0,0,-0.8,0.054333,0.00535,35.706,32.866,35.758,35.814
-0.5152,0.83222,-0.90946,0,0,-0.8,0.054333,0.00535,35.806,32.966,35.858,35.914
-0.51449,0.83636,-0.9118,0,0,-0.8,0.054333,0.00535,35.906,33.066,35.958,36.014
-0.51378,0.84049,-0.91414,0,0,-0.8,0.054333,0.00535,36.006,33.166,36.058,36.114
-0.51306,0.84463,-0.91647,0,0,-0.8,0.054333,0.00535,36.106,33.266,36.158,36.214
-0.51235,0.84877,-0.91881,0,0,-0.8,0.054333,0.00535,36.206,33.366,36.258,36.314
-0.51164,0.85291,-0.92113,0,0,-0.8,0.054333,0.00535,36.306,33.466,36.358,36.414
-0.51093,0.85705,-0.92346,0,0,-0.8,0.054333,0.00535,36.406,33.566,36.458,36.514
-0.51021,0.86119,-0.92578,0,0,-0.8,0.054333,0.00535,36.506,33.666,36.558,36.614
